id,verdict,category_id,topic_id,post_raw,other_json
39070,rejected,421,,"### Tell us what's happening:


Ask for Help

I'm working on the ""AfricaCryptoChainx"" project, aimed at providing financial inclusion and sustainable solutions in the African financial landscape. Our objectives include implementing secure infrastructure, P2P Networkers integration, advanced security measures, an intuitive interface, educational resources, community building, and decentralized finance (DeFi) functionalities.

Currently, I'm trying to add a description to the `package.json` file of my project. The description 

### Your code so far


### Your browser information:

User Agent is: <code>Mozilla/5.0 (X11; Linux x86_64) AppleWebKit/537.36 (KHTML, like Gecko) Chrome/122.0.0.0 Safari/537.36</code>

### Challenge Information:
Managing Packages with NPM - Add a Description to Your package.json
https://www.freecodecamp.org/learn/back-end-development-and-apis/managing-packages-with-npm/add-a-description-to-your-package-json","{""composer_open_duration_msecs"":33403,""is_poll"":true,""tags"":null,""title"":""Managing Packages with NPM - Add a Description to Your package.json""}"
